,License,Store Name,Address,City,State,County,Zip Code,Lat,Lng
0,415470,2020 SOLUTIONS                               ,2018 IRON ST STE A            ,BELLINGHAM              ,WA,WHATCOM,982264212,48.7570594,-122.4659928
1,413314,2020 SOLUTIONS ON THE GUIDE                  ,5655 GUIDE MERIDIAN STE A     ,BELLINGHAM              ,WA,WHATCOM,982269722,48.84634029999999,-122.4863025
2,84154,25 TREES                                     ,3213 S 38TH STE C             ,TACOMA                  ,WA,PIERCE,984041094,47.222817,-122.4788343
3,422099,365 RECREATIONAL CANNABIS                    ,36711 U.S. HIGHWAY 12         ,DAYTON                  ,WA,COLUMBIA,983288622,46.3111813,-117.9943499
4,423784,365 RECREATIONAL CANNABIS                    ,17517 15TH AVE NE #B          ,SHORELINE               ,WA,KING,981553801,47.7562484,-122.3137876
5,413586,4:20 FRIENDLY                                ,1515 LEWIS ST                 ,SPOKANE                 ,WA,SPOKANE,992249785,47.64163139999999,-117.4886216
6,424848,420 CAPITOL                                  ,5980 CAPITOL BLVD SE          ,TUMWATER                ,WA,THURSTON,985015274,46.9955685,-122.9069278
7,415083,420 CARPENTER                                ,422 CARPENTER RD STE 105      ,LACEY                   ,WA,THURSTON,985037906,47.04852,-122.7954805
8,426678,420 ELMA ON MAIN                             ,306 W MAIN ST                 ,ELMA                    ,WA,GRAYS HARBOR,985410000,47.0044805,-123.4043625
9,415526,420 HOLIDAY                                  ,2028 10TH AVE                 ,LONGVIEW                ,WA,COWLITZ,986324007,46.1456599,-122.929237
10,414733,420 WEST                                     ,410 RONLEE LN NW A1           ,OLYMPIA                 ,WA,THURSTON,985029266,47.04988849999999,-122.9949418
11,421759,"420ME, LLC                                   ",430 CARPENTER RD SE           ,LACEY                   ,WA,THURSTON,985037930,47.04791549999999,-122.7960181
12,421491,A & J MANAGEMENT GROUP                       ,234 DIVISION ST NW STE B      ,OLYMPIA                 ,WA,THURSTON,985024916,47.0469316,-122.9255023
13,414441,A GREENER TODAY MARIJUANA                    ,5209 MARTIN LUTHER KING JR.   ,SEATTLE                 ,WA,KING,981186131,47.5549709,-122.2901659
14,414814,A GREENER TODAY MARIJUANA                    ,16053 AURORA AVE N STE B      ,SHORELINE               ,WA,KING,981332610,47.7465702,-122.3459965
15,422044,A GREENER TODAY MARIJUANA                    ,19315 BOTHELL EVERETT HWY #1  ,BOTHELL                 ,WA,SNOHOMISH,980127112,47.8226234,-122.2064337
16,426039,A GREENER TODAY WALLA WALLA                  ,655 WEST POPLAR ST            ,WALLA WALLA             ,WA,WALLA WALLA,993620000,46.061236,-118.346435
17,422849,A PIPE DREAM                                 ,360 STATE ROUTE 7             ,MORTON                  ,WA,LEWIS,983560000,46.5691867,-122.2669023
18,422765,ACCESS CANIBUS LLC                           ,3082 WAITTS LAKE RD           ,VALLEY                  ,WA,STEVENS,991810000,48.1754335,-117.7254443
19,77000,ALTERNATIVE MEDICINE COLLECTIVE              ,15041 BOTHELL WAY NE          ,LAKE FOREST PARK        ,WA,KING,981557603,47.7391728,-122.290312
20,414225,ALTITUDE                                     ,260 MERLOT DR                 ,PROSSER                 ,WA,BENTON,993500000,46.2197696,-119.7845671
21,422954,AMERICAN HARVEST                             ,7550 US 97                    ,PESHASTIN               ,WA,CHELAN,988470000,47.554262,-120.6026507
22,421652,ANACORTES CANNABIS                           ,7656 STATE ROUTE 20 UNIT A    ,ANACORTES               ,WA,SKAGIT,982218311,48.46268329999999,-122.5814243
23,421110,APEX CANNABIS                                ,955 W BROADWAY AVE            ,MOSES LAKE              ,WA,GRANT,988370000,47.1243041,-119.2904331
24,422447,APEX CANNABIS                                ,21502 E GILBERT RD            ,OTIS ORCHARDS           ,WA,SPOKANE,990279241,47.7069133,-117.1169724
25,414558,B STREET BUD                                 ,400 BURDIN AVE                ,GRAND COULEE            ,WA,GRANT,991335009,47.94329200000001,-119.006346
26,85059,BAD ASS WEED CO.                             ,8459 MAIN ST  UNIT B          ,DRYDEN                  ,WA,CHELAN,988210000,47.541448,-120.560674
27,426125,BELLEVUE MARIJUANA                           ,638 116TH AVE NE              ,BELLEVUE                ,WA,KING,980045216,47.6166693,-122.1847115
28,421709,BETTER BUDS                                  ,841 NESS CORNER RD  STE B     ,PORT HADLOCK            ,WA,JEFFERSON,983399572,48.0328516,-122.7641775
29,425965,BETTER BUDS                                  ,10384 SILVERDALE WAY NW STE 10,SILVERDALE              ,WA,KITSAP,983837670,47.6568115,-122.6867313
30,422202,BLOWIN SMOKE                                 ,1967 HIGHWAY 395 S STE C      ,CHEWELAH                ,WA,STEVENS,991099708,48.3005394,-117.7609423
31,413802,BUD COMMANDER                                ,849 TROSPER RD SW STE 207     ,TUMWATER                ,WA,THURSTON,985128145,46.9998379,-122.9183036
32,415203,BUD NATION                                   ,9640 16TH AVE SW STE C & D    ,SEATTLE                 ,WA,KING,981062827,47.5161676,-122.3549419
33,413893,BUDDY'S                                      ,420 SUNSET BLVD NE STE A      ,RENTON                  ,WA,KING,980555512,47.4902851,-122.1922963
34,420661,BUDEEZ                                       ,2111 E 11TH ST                ,BREMERTON               ,WA,KITSAP,983104810,47.570111,-122.6153023
35,421005,BUDS GARAGE                                  ,3015 EVERETT AVE              ,EVERETT                 ,WA,SNOHOMISH,982013822,47.98211389999999,-122.1900329
36,422913,CANNA CASA                                   ,3818 OLD HIGHWAY 99 S RD      ,MOUNT VERNON            ,WA,SKAGIT,982739018,48.3898861,-122.3352197
37,420666,CANNA WEST SEATTLE                           ,5440 CALIFORNIA AVE SW        ,SEATTLE                 ,WA,KING,981361513,47.5526905,-122.386645
38,360307,CANNABIS & GLASS                             ,605 E FRANCIS                 ,SPOKANE                 ,WA,SPOKANE,992080000,47.7154607,-117.4000106
39,415567,CANNABIS 21                                  ,1000 E WISHKAH ST             ,ABERDEEN                ,WA,GRAYS HARBOR,985200000,46.9773218,-123.8061903
40,422944,CANNABIS CENTRAL                             ,1514 W UNIVERSITY WAY         ,ELLENSBURG              ,WA,KITTITAS,989262337,47.007129,-120.5708597
41,413319,CANNABIS CITY                                ,2733 4TH AVE S  1ST FLOOR     ,SEATTLE                 ,WA,KING,981341912,47.57876659999999,-122.3295278
42,414970,CANNABIS COUNTRY STORE                       ,1910 W MAIN ST SUITE 101      ,BATTLE GROUND           ,WA,CLARK,986040000,45.7809217,-122.5575671
43,423542,CANNABIS PROVISIONS EAST                     ,831 N MILLER ST               ,WENATCHEE               ,WA,CHELAN,988012046,47.4331012,-120.324525
44,423542,CANNABIS PROVISIONS EAST                     ,831 N MILLER ST               ,WENATCHEE               ,WA,CHELAN,988012046,47.4331012,-120.324525
45,402780,CANNABIS SUPER STORE                         ,705 EAST 1ST ST               ,CLE ELUM                ,WA,KITTITAS,989221252,47.1936638,-120.925248
46,422466,CANNABIS SWEET RELIEF                        ,2427 W SIMS WAY STE F         ,PORT TOWNSEND           ,WA,JEFFERSON,983682247,48.1022233,-122.8046345
47,415575,CANNABLYSS                                   ,2705 HARTFORD DR STE A        ,LAKE STEVENS            ,WA,SNOHOMISH,982589204,48.0216967,-122.0544156
48,421813,CANNAZONE                                    ,5655 GUIDE MERIDIAN STE B     ,BELLINGHAM              ,WA,WHATCOM,982269722,48.84634029999999,-122.4863025
49,424599,CANNAZONE                                    ,17905 STATE ROUTE 536         ,MOUNT VERNON            ,WA,SKAGIT,982733269,48.4266808,-122.359237
50,413700,CARIBOU CORNER CANNABIS                      ,23251 HWY 20                  ,OKANOGAN                ,WA,OKANOGAN,988400000,48.3545525,-119.6020632
51,421507,CARLTON CANNABIS                             ,2256 HWY 153 STE B            ,CARLTON                 ,WA,OKANOGAN,988149004,48.2483406,-120.1160743
52,415094,CASCADE HERB COMPANY                         ,1240 E MAPLE ST STE 103       ,BELLINGHAM              ,WA,WHATCOM,982250000,48.7397978,-122.4702775
53,413492,CHIMACUM CANNABIS                            ,9034 BEAVER VALLEY ROAD       ,CHIMACUM                ,WA,JEFFERSON,983258781,48.011261,-122.7674567
54,414817,CINDER                                       ,1421 N MULLAN RD STE B        ,SPOKANE VALLEY          ,WA,SPOKANE,992064051,47.6702523,-117.2820522
55,422294,CINDER                                       ,6010 N DIVISION ST            ,SPOKANE                 ,WA,SPOKANE,992081028,47.7125201,-117.4107994
56,413358,CLEAR CHOICE CANNABIS                        ,8001 S HOSMER ST              ,TACOMA                  ,WA,PIERCE,984081017,47.1844243,-122.4623748
57,414787,CPC TWO                                      ,8600 LAKE CITY WAY NE         ,SEATTLE                 ,WA,KING,981153260,47.6910654,-122.3066274
58,413729,CULT. CANNABIS CO.                           ,6061 PORTAL WAY               ,FERNDALE                ,WA,WHATCOM,982489360,48.8615165,-122.5851414
59,420764,DABNABBITS                                   ,1096 HWY 153                  ,METHOW                  ,WA,OKANOGAN,988340000,48.129739,-120.0041209
60,413529,DANCING GYPSIES                              ,794 KENTUCKY ST               ,BELLINGHAM              ,WA,WHATCOM,982250000,48.7575963,-122.4651159
61,422817,DANK OF AMERICA                              ,2530 PEACE PORTAL DR SUITE B  ,BLAINE                  ,WA,WHATCOM,982308063,48.9757958,-122.7276371
62,423571,"DANK'S WONDER EMPORIUM, LLC                  ",6906 MARTIN WAY E             ,OLYMPIA                 ,WA,THURSTON,985165567,47.0524792,-122.7882262
63,414503,DESTINATION HIGHWAY 420                      ,1225 HOLLIS ST                ,BREMERTON               ,WA,KITSAP,983103611,47.6022381,-122.6284636
64,413374,DIAMOND GREEN                                ,4002 S 12TH ST                ,TACOMA                  ,WA,PIERCE,984051509,47.2497033,-122.4906284
65,414174,DOCKSIDE CANNABIS                            ,1728 4TH AVE S                ,SEATTLE                 ,WA,KING,981340000,47.5872973,-122.3286261
66,414569,DOCKSIDE CANNABIS                            ,15001 AURORA AVE N            ,SHORELINE               ,WA,KING,981336134,47.7379128,-122.3456463
67,412865,DOUGLAS COUNTY 502                           ,2512 FOSTER CREEK AVE         ,BRIDGEPORT              ,WA,DOUGLAS,988130000,48.000312,-119.6601949
68,424633,EMERALD CITY CRONICS                         ,RETAIL TITLE CERTIFICATE      ,OTHELLO                 ,WA,FRANKLIN,993440000,46.8259742,-119.1752913
69,413363,EMERALD LEAVES                               ,2702 6TH AVE                  ,TACOMA                  ,WA,PIERCE,984067213,47.25519999999999,-122.471589
70,424463,EPHEMERAL TOAST                              ,4601 LEARY WAY NW             ,SEATTLE                 ,WA,KING,981074544,47.6623937,-122.3683571
71,425185,EUPHORIC 360                                 ,6326 MARTIN WAY E STE 103     ,LACEY                   ,WA,THURSTON,985165561,47.05083330000001,-122.7969841
72,414495,EUPHORIUM                                    ,21127 STATE ROUTE 9 SE        ,WOODINVILLE             ,WA,SNOHOMISH,980729703,47.8054703,-122.1429743
73,84130,EUPHORIUM 420                                ,19525 BOTHELL EVERETT HWY A   ,BOTHELL                 ,WA,SNOHOMISH,980127116,47.8205636,-122.2070793
74,414500,EUPHORIUM 420                                ,20925 CYPRESS WAY STE C 103   ,LYNNWOOD                ,WA,SNOHOMISH,980367989,47.8084426,-122.2595721
75,425605,EVERGREEN MEADOWS                            ,208 E PINE ST                 ,SHELTON                 ,WA,MASON,985841418,47.2151665,-123.0973673
76,422825,EVERGREEN STATE ENTERPRISES                  ,847 E SR 4                    ,CATHLAMET               ,WA,WAHKIAKUM,986120000,46.1664088,-123.3301196
77,421878,EVERGREEN STATE ENTERPRISES LLC              ,3941 COLVILLE RD              ,LOON LAKE               ,WA,STEVENS,991480000,48.0626142,-117.6263568
78,426448,EXPONENTIAL 3                                ,RETAIL TITLE CERTIFICATE      ,BELLEVUE                ,WA,KING,980043800,47.6101497,-122.2015159
79,79720,FILLABONG                                    ,3249 PERRY AVE                ,BREMERTON               ,WA,KITSAP,983105371,47.593651,-122.6136247
80,415211,FILLABONG                                    ,2839 NW KITSAP PL STE A       ,SILVERDALE              ,WA,KITSAP,983839447,47.6548449,-122.6878131
81,422049,FLOYDS                                       ,410 W STATE ST                ,SEDRO WOOLLEY           ,WA,SKAGIT,982841557,48.5031779,-122.2464918
82,426808,FORBIDDEN CANNABIS CLUB                      ,21509 HWY 410 E STE 1         ,BONNEY LAKE             ,WA,PIERCE,983910000,47.1684923,-122.1421864
83,414280,FREEDOM MARKET                               ,820A WESTSIDE HWY             ,KELSO                   ,WA,COWLITZ,986264355,46.1647937,-122.9158913
84,422459,FREEDOM MARKET CATHLAMET CORP                ,327 SR 4                      ,CATHLAMET               ,WA,WAHKIAKUM,986120000,46.1956569,-123.3636067
85,422777,FREELAND CANNABIS COMPANY                    ,18646 SR 525                  ,FREELAND                ,WA,ISLAND,982498752,48.0123749,-122.5415973
86,413530,FRESH GREENS                                 ,29 HORIZON FLATS RD STE 8     ,WINTHROP                ,WA,OKANOGAN,988628400,48.4635032,-120.1843509
87,412922,FWEEDOM CANNABIS                             ,12001 AURORA AVE N            ,SEATTLE                 ,WA,KING,981338249,47.7160157,-122.3456656
88,415031,FWEEDOM CANNABIS                             ,21911 64TH AVE W   STE D      ,MOUNTLAKE TERRACE       ,WA,SNOHOMISH,980430000,47.7999918,-122.3189634
89,415032,FWEEDOM CANNABIS                             ,17869 STATE ROUTE 536         ,MOUNT VERNON            ,WA,SKAGIT,982733270,48.4275376,-122.3597629
90,413558,GANJA GODDESS                                ,3207 1ST AVE S UNIT A         ,SEATTLE                 ,WA,KING,981341819,47.5751749,-122.3347791
91,415539,GANJA VITA                                   ,23441 NE STATE ROUTE 3        ,BELFAIR                 ,WA,MASON,985280000,47.4470606,-122.830163
92,422168,GOLD BAR MARIJUANA                           ,16810 415TH AVE SE STE A-2    ,GOLD BAR                ,WA,SNOHOMISH,982510000,47.845363,-121.676726
93,415294,GOODBUDS                                     ,5384 NW K RD STE A            ,QUINCY                  ,WA,GRANT,988480000,47.167478,-119.7261739
94,350641,GREEN FIRE CANNABIS                          ,1956 1ST AVE S                ,SEATTLE                 ,WA,KING,981341406,47.5843895,-122.3337112
95,423779,GREEN GROTTO                                 ,22106 SE 51ST PL              ,ISSAQUAH                ,WA,KING,980272519,47.5572773,-122.0456539
96,414761,GREEN HEAD CANNABIS                          ,2815 ST. JOHNS ROAD   STE B   ,VANCOUVER               ,WA,CLARK,986610000,45.6482799,-122.6405813
97,421667,GREEN LADY EVERETT                           ,14221 LAKE ROAD               ,LYNNWOOD                ,WA,SNOHOMISH,980871710,47.8690653,-122.2786016
98,416540,"GREEN LADY WESTSIDE, INC.                    ",2405 HARRISON AVE NW STE 201  ,OLYMPIA                 ,WA,THURSTON,985024592,47.0459547,-122.9307216
99,413886,GREEN LEAF                                   ,4220 MERIDIAN ST STE 102      ,BELLINGHAM              ,WA,WHATCOM,982269153,48.79444549999999,-122.4853725
100,414918,GREEN LEAF                                   ,3435 BIRCH BAY LYNDEN RD      ,CUSTER                  ,WA,WHATCOM,982409507,48.9352269,-122.6668273
101,422103,GREEN ROOM OH INC.                           ,1640 NE GOLDIE ST    STE B    ,OAK HARBOR              ,WA,ISLAND,982774835,48.3115786,-122.643741
102,410798,GREEN STAR CANNABIS                          ,1403 N DIVISION ST STE A      ,SPOKANE                 ,WA,SPOKANE,992021810,47.6708762,-117.411813
103,413801,GREEN STOP CANNABIS                          ,7466 MT BAKER HWY             ,MAPLE FALLS             ,WA,WHATCOM,982660000,48.924508,-122.0791029
104,425068,GREEN THEORY                                 ,1940 124TH AVE NE STE A-101   ,BELLEVUE                ,WA,KING,980050000,47.6279833,-122.1742792
105,421777,GREEN THEORY FACTORIA                        ,12827 SE 40TH PL              ,BELLEVUE                ,WA,KING,980061232,47.5730975,-122.1683128
106,81400,GREEN TIKI CANNABIS                          ,8208 NE STATE HIGHWAY 104     ,KINGSTON                ,WA,KITSAP,983460000,47.810782,-122.5392026
107,420785,GREEN TOKEN TACOMA CANNABIS                  ,5917 N 26TH ST STE A          ,TACOMA                  ,WA,PIERCE,984072359,47.2715326,-122.5170578
108,420793,GREEN ZAP                                    ,11064 LAKE CITY WAY NE STE 6-A,SEATTLE                 ,WA,KING,981256730,47.7099967,-122.3001799
109,410273,GREEN2GO                                     ,214307 E SR 397               ,KENNEWICK               ,WA,BENTON,993377198,46.17033,-119.0512423
110,410273,GREEN2GO                                     ,214307 E SR 397               ,KENNEWICK               ,WA,BENTON,993377198,46.17033,-119.0512423
111,422655,GREEN2GO TOKIO                               ,2008 N DURRY RD UNIT 2        ,SPRAGUE                 ,WA,ADAMS,990329621,47.2092388,-118.2262717
112,414356,GREENFIELD COMPANY CANNABIS MERCANTILE       ,728 6TH ST                    ,CLARKSTON               ,WA,ASOTIN,994032012,46.4152414,-117.0458336
113,415112,GREENLIGHT                                   ,10309 E TRENT AVE             ,MILLWOOD                ,WA,SPOKANE,992064514,47.6847827,-117.2656295
114,413428,GREENWORKS N.W.                              ,315 N 105TH ST                ,SEATTLE                 ,WA,KING,981330000,47.7048156,-122.3547241
115,415124,GROWERS OUTLET                               ,613 MONTANA AVE STE 2         ,SOUTH BEND              ,WA,PACIFIC,985860000,46.6677439,-123.7881915
116,354876,HAPPY TIME                                   ,1315 N 1ST ST                 ,YAKIMA                  ,WA,YAKIMA,989011801,46.6197842,-120.5114785
117,415333,HAVE A HEART                                 ,12833 MARTIN LUTHER KING JR   ,SEATTLE                 ,WA,KING,981783513,47.4876527,-122.2590496
118,402039,HERB'S HOUSE                                 ,716 NW 65TH ST                ,SEATTLE                 ,WA,KING,981175049,47.6761716,-122.3653162
119,421918,HERBAL ACCESS RETAIL                         ,8962 BEAVER VALLEY RD         ,CHIMACUM                ,WA,JEFFERSON,983250000,48.010414,-122.7661811
120,411970,HERBAL E SCENTS                              ,120 NE CANNING DR             ,COLVILLE                ,WA,STEVENS,991142004,48.5550816,-117.9197128
121,423775,HERBAL HEALING                               ,3062 SW HWY 16 STE A          ,BREMERTON               ,WA,KITSAP,983120000,47.5252253,-122.6937658
122,413702,HERBAL LEGENDS                               ,2118 JAMES ST                 ,BELLINGHAM              ,WA,WHATCOM,982254140,48.7583743,-122.464501
123,413683,HERBAL NATION                                ,19302 BOTHELL EVERETT HWY     ,BOTHELL                 ,WA,SNOHOMISH,980127113,47.8228221,-122.208061
124,413570,HERBN ELEMENTS                               ,11013 LAKE CITY WAY NE        ,SEATTLE                 ,WA,KING,981250000,47.709073,-122.3015244
125,413550,HIGH END MARKET PLACE                        ,1906 BROADWAY                 ,VANCOUVER               ,WA,CLARK,986630000,45.6360354,-122.670681
126,413534,HIGH SOCIETY                                 ,8630 S MARCH POINT RD         ,ANACORTES               ,WA,SKAGIT,982213412,48.4615886,-122.5569542
127,421702,HIGH-5 CANNABIS                              ,6511 NE 137TH AVE             ,VANCOUVER               ,WA,CLARK,986825948,45.6703298,-122.5311292
128,423000,HIGHER LEAF MARIJUANA BELLEVUE               ,3079 156TH AVE SE             ,BELLEVUE                ,WA,KING,980076526,47.5821467,-122.1347888
129,422218,HIGHER LEAF MARIJUANA BOUTIQUE               ,12525 WILLOWS RD NE STE 10    ,KIRKLAND                ,WA,KING,980348735,47.7128634,-122.1544873
130,413427,HWY 420                                      ,11493 CLEAR CREEK RD          ,SILVERDALE              ,WA,KITSAP,983839657,47.66710519999999,-122.6934779
131,413843,HWY 420                                      ,1110 CHARLESTON BEACH RD W    ,BREMERTON               ,WA,KITSAP,983124504,47.553906,-122.6595265
132,425498,HYPEHERBALLY                                 ,14702 HIGHWAY 99              ,LYNNWOOD                ,WA,SNOHOMISH,980875522,47.86522799999999,-122.2820299
133,413727,ISLAND HERB                                  ,5565 VANBARR PLACE UNIT F     ,FREELAND                ,WA,ISLAND,982490000,48.0093489,-122.5268901
134,417643,KALEAFA                                      ,33858 SR 20 STE 102           ,OAK HARBOR              ,WA,ISLAND,982772664,48.31616030000001,-122.6320457
135,421168,KARMA CANNABIS                               ,131 RIVER RD   STE A          ,SEQUIM                  ,WA,CLALLAM,983829804,48.0754194,-123.1343693
136,421359,KITSAP CANNABIS 2                            ,1762 VILLAGE LN SE            ,PORT ORCHARD            ,WA,KITSAP,983662644,47.5328354,-122.5948008
137,420336,KUSH                                         ,11834 NE 90TH ST              ,KIRKLAND                ,WA,KING,980335814,47.6828934,-122.181933
138,421876,KUSH KLUB                                    ,17547 15TH AVE NE             ,SHORELINE               ,WA,KING,981553801,47.75712739999999,-122.3137614
139,415287,KUSHMAN                                      ,11110 MUKILTEO SPEEDWAY       ,MUKILTEO                ,WA,SNOHOMISH,982755450,47.8973055,-122.2904909
140,421552,KUSHMAN                                      ,15804 HIGHWAY 99 UNIT A       ,LYNNWOOD                ,WA,SNOHOMISH,980871426,47.8555488,-122.2909547
141,414520,KUSHMART                                     ,6309 EVERGREEN WAY STE C      ,EVERETT                 ,WA,SNOHOMISH,982034559,47.94088730000001,-122.2170939
142,416102,KUSHMART SOUTH EVERETT                       ,13220 HWY 99 S                ,EVERETT                 ,WA,SNOHOMISH,982045424,47.8781407,-122.2695068
143,417880,LEGAL MARIJUANA SUPERSTORE                   ,3610 BETHEL RD SE             ,PORT ORCHARD            ,WA,KITSAP,983670000,47.5157725,-122.6314371
144,414963,LUCID                                        ,4820 YELM HWY SE SUITE D      ,LACEY                   ,WA,THURSTON,985033402,46.9974107,-122.8199886
145,415429,LUCID                                        ,7294 MARTIN WAY E             ,OLYMPIA                 ,WA,THURSTON,985165533,47.0535112,-122.7831953
146,420497,LUCID CANNABIS COMPANY                       ,11414 N. NEWPORT HWY          ,SPOKANE                 ,WA,SPOKANE,992181616,47.76154460000001,-117.3899996
147,422442,LUCKY LEAF                                   ,1111 W 1ST AVE STE A          ,SPOKANE                 ,WA,SPOKANE,992014005,47.656261,-117.4288161
148,413414,MARGIES'S POT SHOP LLC                       ,405 E STUEBEN                 ,BINGEN                  ,WA,KLICKITAT,986050000,45.7131524,-121.4628957
149,426895,MARIJUANA CLUB 99                            ,12631 HWY 99 STE A            ,EVERETT                 ,WA,SNOHOMISH,982040000,47.8831469,-122.2638992
150,419640,MARIJUANA MART                               ,6039 SW 197TH AVE             ,ROCHESTER               ,WA,THURSTON,985799250,46.80354519999999,-123.0113868
151,420889,MARLEY 420                                   ,16204 SE 272ND ST             ,COVINGTON               ,WA,KING,980428213,47.35846859999999,-122.1254755
152,422158,MARY JANE'S HOUSE OF GRASS                   ,8312 E MILL PLAIN BLVD        ,VANCOUVER               ,WA,CLARK,986642007,45.62373410000001,-122.5863594
153,414864,MARY JANES                                   ,1037 W MARINA DR              ,MOSES LAKE              ,WA,GRANT,988372635,47.1241582,-119.2919365
154,424311,MARY MART INC                                ,3002 6TH AVE STE 100          ,TACOMA                  ,WA,PIERCE,984066203,47.2549928,-122.4752342
155,414735,MISTER BUDS                                  ,536 MARINE DR STE B           ,PORT ANGELES            ,WA,CLALLAM,983632230,48.12198,-123.4439557
156,415314,MJ'S POT SHOP                                ,1335 SE BISHOP BLVD           ,PULLMAN                 ,WA,WHITMAN,991636408,46.7198595,-117.1645747
157,424751,MR. BILLS OF BUCKLEY                         ,29393 STATE ROUTE 410 E STE D ,BUCKLEY                 ,WA,PIERCE,983219424,47.15864500000001,-122.037511
158,424190,MR. DOOBEES                                  ,1410 40TH ST                  ,SEAVIEW                 ,WA,PACIFIC,986442037,46.3308771,-124.0535759
159,413930,MUFFYS POT SHOP                              ,3134 E HIGHWAY 101 SUITE A    ,PORT ANGELES            ,WA,CLALLAM,983629074,48.1049566,-123.3702201
160,423390,NATURAL BLESSINGS LLC                        ,17024 PACIFIC AVE S           ,SPANAWAY                ,WA,PIERCE,983874940,47.1016402,-122.43531
161,414181,NATURE'S GIFTS                               ,755 W WASHINGTON ST STE C     ,SEQUIM                  ,WA,CLALLAM,983823272,48.0791445,-123.1204084
162,421562,NATURES RECREATIONAL CENTER                  ,3833 PACIFIC AVE STE 3-C      ,TACOMA                  ,WA,PIERCE,984187897,47.221889,-122.4334793
163,421698,NEXT STEPS                                   ,2804 E 30TH AVE               ,SPOKANE                 ,WA,SPOKANE,992234782,47.6269322,-117.3697479
164,415658,NIMBIN FARM                                  ,10859 1ST AVE S STE A         ,SEATTLE                 ,WA,KING,981681309,47.50517,-122.3340007
165,422507,NIRVANA CANNABIS COMPANY                     ,11980 W SUNSET HWY STE A      ,AIRWAY HEIGHTS          ,WA,SPOKANE,990019403,47.6432569,-117.5763396
166,424951,NIRVANA CANNABIS COMPANY                     ,4950 ARENA RD                 ,RICHLAND                ,WA,BENTON,993527857,46.25698300000001,-119.341083
167,413407,NORTH BAY MARIJUANA                          ,211 E NORTH BAY RD            ,ALLYN                   ,WA,MASON,985240000,47.3891193,-122.8266601
168,413996,NORTHWEST CANNABIS                           ,1411 E OLIVE WAY              ,SEATTLE                 ,WA,KING,981222127,47.6172918,-122.3263489
169,423492,NORTHWEST CANNABIS CONNECTION                ,11522 CANYON RD E             ,PUYALLUP                ,WA,PIERCE,983734360,47.15098829999999,-122.3576051
170,421490,NORTHWEST COLLECTIVE                         ,9326 KIMMIE ST SW STE B       ,OLYMPIA                 ,WA,THURSTON,985129119,46.952346,-122.92868
171,82587,NXNW RETAIL LLC/CANNABIS & GLASS             ,9403 E TRENT AVE              ,MILLWOOD                ,WA,SPOKANE,992064218,47.6823148,-117.2784547
172,413372,OCEAN GREENS                                 ,9724 AURORA AVE N             ,SEATTLE                 ,WA,KING,981033223,47.7002527,-122.3443246
173,420390,ORCAS ISLAND CANNABIS                        ,1533 MT BAKER RD              ,EASTSOUND               ,WA,SAN JUAN,982450000,48.7024029,-122.9174239
174,414656,PACIFIC CANNABIS COMPANY                     ,625 N CALLOW AVE              ,BREMERTON               ,WA,KITSAP,983123903,47.5683956,-122.6535006
175,414812,PAPER AND LEAF                               ,8040 NE DAY RD W BLDG 3 STE 1 ,BAINBRIDGE ISLAND       ,WA,KITSAP,981100000,47.6803888,-122.5413753
176,423536,PHAT SACKS CORP                              ,22624 MERIDIAN AVE S          ,BOTHELL                 ,WA,SNOHOMISH,980218358,47.7920411,-122.2335724
177,413809,PONDER                                       ,2413 E UNION ST               ,SEATTLE                 ,WA,KING,981223045,47.612676,-122.3007858
178,420819,POT STOP                                     ,4465 FREMONT AVE N            ,SEATTLE                 ,WA,KING,981037225,47.6612898,-122.3503879
179,414574,PRC                                          ,18729 FIR ISLAND RD STE C     ,MOUNT VERNON            ,WA,SKAGIT,982738159,48.3415941,-122.3407765
180,415238,PUFF N CHILL LLC                             ,15919 HWY 99                  ,LYNNWOOD                ,WA,SNOHOMISH,980871427,47.8544648,-122.2902788
181,422109,PUGET SOUND MARIJUANA                        ,14608 HWY 99 SUITE #304       ,LYNNWOOD                ,WA,SNOHOMISH,980875500,47.8659554,-122.2811755
182,423224,RAINIER CANNABIS                             ,22002 64TH AVE W STE 2A       ,MOUNTLAKE TERRACE       ,WA,SNOHOMISH,980432547,47.7987809,-122.3198071
183,422811,RENGAR LLC                                   ,10900 MUKILTEO SPEEDWAY       ,MUKILTEO                ,WA,SNOHOMISH,982750000,47.899345,-122.2925961
184,415132,ROYAL'S CANNABIS                             ,7115 N DIVISION ST STE A      ,SPOKANE                 ,WA,SPOKANE,992086507,47.7231021,-117.4118954
185,426888,SAGE SHOP                                    ,309 N MAIN ST                 ,OMAK                    ,WA,OKANOGAN,988419745,48.4145634,-119.5286079
186,414664,SATORI                                       ,9301 N DIVISION ST STE B-C    ,SPOKANE                 ,WA,SPOKANE,992181254,47.74196,-117.4120199
187,421616,SATORI                                       ,100 E MAPLE ST STE A          ,BELLINGHAM              ,WA,WHATCOM,982255006,48.7474274,-122.4822632
188,421708,SATORI FREMONT                               ,316 N 36TH ST STE B           ,SEATTLE                 ,WA,KING,981038953,47.6525531,-122.3547177
189,422764,SATORIMJ                                     ,712 5TH ST                    ,CLARKSTON               ,WA,ASOTIN,994032632,46.4158653,-117.0445537
190,412066,SAVAGE THC                                   ,4428 WILLIAMS VALLEY RD STE A ,CLAYTON                 ,WA,STEVENS,991109745,47.9982044,-117.5720202
191,353260,SEA CHANGE CANNABIS                          ,282332 HIGHWAY 101 STE 2      ,PORT TOWNSEND           ,WA,JEFFERSON,983688700,47.9904769,-122.890615
192,426896,SEATTLE CANNABIS CO.                         ,1713 NW MARKET ST             ,SEATTLE                 ,WA,KING,981075225,47.6684582,-122.379476
193,426896,SEATTLE CANNABIS CO.                         ,1713 NW MARKET ST             ,SEATTLE                 ,WA,KING,981075225,47.6684582,-122.379476
194,414731,SEATTLE TONICS                               ,12059 AURORA AVE N            ,SEATTLE                 ,WA,KING,981338249,47.717471,-122.3454723
195,413519,SEATTLE TREES COLLECTIVE                     ,10532 GREENWOOD AVE N         ,SEATTLE                 ,WA,KING,981338721,47.7060796,-122.3550688
196,413994,SECRET HERB SHOP                             ,2 COLUMBIA DR                 ,KETTLE FALLS            ,WA,FERRY,991419461,48.627179,-118.123448
197,422232,SEEDZ FAMILY                                 ,1180 BURLINGTON BLVD          ,BURLINGTON              ,WA,SKAGIT,982333333,48.46311799999999,-122.335121
198,426677,SHELTON CANNABIS COMPANY                     ,1065 SE STATE ROUTE 3         ,SHELTON                 ,WA,MASON,985849195,47.20508479999999,-123.0983158
199,422139,SMOKING CROW                                 ,4264 PACIFIC HWY              ,BELLINGHAM              ,WA,WHATCOM,982269042,48.795831,-122.5260332
200,86823,SPARKET                                      ,1215 E FRONT ST               ,PORT ANGELES            ,WA,CLALLAM,983624309,48.1115377,-123.4117953
201,422146,SPOKANE GREEN LEAF                           ,9107 N COUNTRY HOMES BLVD #13 ,SPOKANE                 ,WA,SPOKANE,992185007,47.7410917,-117.4136898
202,422390,STARBUDS                                     ,2517 HOWARD AVE UNIT B        ,EVERETT                 ,WA,SNOHOMISH,982036103,47.93752740000001,-122.1979142
203,413596,STATION 420                                  ,4007 MAIN ST                  ,UNION GAP               ,WA,YAKIMA,989032040,46.5471918,-120.4750534
204,426284,STATION 420                                  ,2704 MAIN ST                  ,UNION GAP               ,WA,YAKIMA,989031754,46.560332,-120.4768413
205,413847,SWEET GREENS NORTHWEST                       ,19943 OLD HWY 99 SW           ,ROCHESTER               ,WA,THURSTON,985798689,46.798126,-123.012501
206,423829,SWEET JANE                                   ,9507 STATE ROUTE 302 NW # B   ,GIG HARBOR              ,WA,PIERCE,983297102,47.3895438,-122.6723325
207,415523,SWEET LEAF CANNABIS CO                       ,100 OLD HILL RD               ,ABERDEEN                ,WA,GRAYS HARBOR,985207300,46.97334960000001,-123.6913516
208,413385,SWEET RELEAF                                 ,14637 STATE ROUTE 20          ,MOUNT VERNON            ,WA,SKAGIT,982737276,48.4470368,-122.4300724
209,422336,SWEET RELIEF CANNABIS EXPRESS                ,1009 E YAKIMA AVE             ,YAKIMA                  ,WA,YAKIMA,989012558,46.6058363,-120.4916316
210,422460,SWEET RELIEF CANNABIS EXPRESS                ,"2947 E HWY 101  STE A, B      ",PORT ANGELES            ,WA,CLALLAM,983629059,48.1052754,-123.3734375
211,414002,T BROTHERS BUD LODGE                         ,5740 RUDDEL RD  STE C         ,LACEY                   ,WA,THURSTON,985030000,46.9963556,-122.8065851
212,424473,TACOMA HOUSE OF CANNABIS                     ,2632 S 38TH ST STE A          ,TACOMA                  ,WA,PIERCE,984097304,47.221992,-122.4733255
213,420894,THC CONNECTION                               ,11325 HIGHWAY 99              ,EVERETT                 ,WA,SNOHOMISH,982044816,47.8946188,-122.2530876
214,421335,THC OF LACEY                                 ,6725 MARTIN WAY E             ,OLYMPIA                 ,WA,THURSTON,985165541,47.0509658,-122.7918791
215,368015,THC OF OLYMPIA                               ,5628 OLD HWY 410 SW STE A     ,OLYMPIA                 ,WA,THURSTON,985129422,47.0499179,-122.9998408
216,421069,THC OF OLYMPIA                               ,3203 MARTIN WAY E  STE D      ,OLYMPIA                 ,WA,THURSTON,985064951,47.0464423,-122.8526947
217,353993,THE BLACK MARKET                             ,428 10TH ST                   ,HOQUIAM                 ,WA,GRAYS HARBOR,985500000,46.9746858,-123.88382
218,413897,THE CANNABIS CORNER                          ,420 EVERGREEN DR N            ,NORTH BONNEVILLE        ,WA,SKAMANIA,986394619,45.6416597,-121.9830792
219,421877,CLEAR CHOICE CANNABIS                        ,6733 STATE HWY 303 NE         ,BREMERTON               ,WA,KITSAP,983113736,47.6244123,-122.6294901
220,423372,THE CANNABIS OASIS                           ,2128 S 37TH ST                ,TACOMA                  ,WA,PIERCE,984097445,47.223123,-122.4660063
221,400772,THE FIRE HOUSE                               ,1714 CANYON RD                ,ELLENSBURG              ,WA,KITTITAS,989269739,46.9758547,-120.5408827
222,413813,THE GALLERY CANYON                           ,11821 CANYON RD E             ,PUYALLUP                ,WA,PIERCE,983734453,47.1482863,-122.3565554
223,413812,THE GALLERY FIFE                             ,5303 PACIFIC HWY E            ,FIFE                    ,WA,PIERCE,984242601,47.2434822,-122.3581332
224,413258,THE GALLERY PARKLAND                         ,13005 PACIFIC AVE SOUTH       ,TACOMA                  ,WA,PIERCE,984444857,47.1390218,-122.4340776
225,413420,THE GALLERY SPANAWAY                         ,21802 MOUNTAIN HWY E  STE 1   ,SPANAWAY                ,WA,PIERCE,983870000,47.0586257,-122.4046655
226,86054,THE GREEN SEED                               ,412 S INTERLAKE RD            ,MOSES LAKE              ,WA,GRANT,988372908,47.1027386,-119.3125996
227,413481,THE HAPPY CROP SHOPPE                        ,50 ROCK ISLAND RD             ,EAST WENATCHEE          ,WA,DOUGLAS,988025352,47.4041143,-120.2888846
228,413600,THE HAPPY CROP SHOPPE                        ,5736 VALE RD                  ,CASHMERE                ,WA,CHELAN,988150000,47.528674,-120.4885804
229,420934,THE HAPPY CROP SHOPPE                        ,1210 N WENATCHEE AVE STE J    ,WENATCHEE               ,WA,CHELAN,988016707,47.43895200000001,-120.3235071
230,415484,THE HERBAL CENTER                            ,449 WICHMAN ST S STE A        ,TENINO                  ,WA,THURSTON,985899376,46.8510788,-122.8590963
231,423634,THE HERBAL GARDENS                           ,4803 CENTER STREET STE A      ,TACOMA                  ,WA,PIERCE,984092319,47.23474179999999,-122.501768
232,426563,THE HERBERY                                  ,6018 NE ST JOHNS RD STE D     ,VANCOUVER               ,WA,CLARK,986610000,45.6659441,-122.63694
233,412921,THE HIDDEN BUSH                              ,3230 E HWY 101                ,PORT ANGELES            ,WA,CLALLAM,983629073,48.10569210000001,-123.3683424
234,413677,THE JOINT                                    ,1840 JAMES ST                 ,BELLINGHAM              ,WA,WHATCOM,982254623,48.75488420000001,-122.4644574
235,414065,THE JOINT                                    ,1510 N WENATCHEE AVE          ,WENATCHEE               ,WA,CHELAN,988011157,47.4444793,-120.3280783
236,420801,THE JOINT                                    ,9574 OLD HWY 99 NORTH RD STE B,BURLINGTON              ,WA,SKAGIT,982336811,48.5060698,-122.3365496
237,414983,THE NOVEL TREE                               ,1817 130TH AVE NE SUITE B & C ,BELLEVUE                ,WA,KING,980052225,47.6270659,-122.1676481
238,420800,THE POT SHOP BELLINGHAM                      ,2119 LINCOLN STREET           ,BELLINGHAM              ,WA,WHATCOM,982254147,48.7582703,-122.4626084
239,426562,THE REEF                                     ,1525 E OLIVE WAY STE B        ,SEATTLE                 ,WA,KING,981222129,47.61829530000001,-122.3254738
240,414216,THE ROACH 420                                ,133 STATE AVE                 ,BREWSTER                ,WA,DOUGLAS,988129643,48.042249,-119.692651
241,415343,THE ROOT CELLAR                              ,23632 NE STATE ROUTE 3        ,BELFAIR                 ,WA,MASON,985288309,47.4495896,-122.8279578
242,412494,THE STASH BOX                                ,3108 A ST SE STE F            ,AUBURN                  ,WA,KING,980028811,47.2802355,-122.2282712
243,414716,THE TOP SHELF                                ,1305 S HAYFORD RD STE A       ,AIRWAY HEIGHTS          ,WA,SPOKANE,992245276,47.6435253,-117.5604765
244,414712,THE WEED SHACK                               ,2294 STATE ROUTE 109          ,HOQUIAM                 ,WA,GRAYS HARBOR,985500000,47.0441909,-124.1563736
245,415115,THEOREM                                      ,6323 NE BOTHEL WAY            ,KENMORE                 ,WA,KING,980280000,47.7585551,-122.2563195
246,415183,"TJ'S CANNABIS BUDS, OILS, AND MORE           ",1428 OLYMPIC HWY S   STE A    ,SHELTON                 ,WA,MASON,985840000,47.2024242,-123.0912699
247,417486,TOKER FRIENDLY                               ,1515 S LYONS RD  STE B        ,AIRWAY HEIGHTS          ,WA,SPOKANE,990010000,47.6418192,-117.5711677
248,422454,TONASKET HOUSE OF CANNABIS                   ,305 W 4TH ST STE A            ,TONASKET                ,WA,OKANOGAN,988550000,48.7061716,-119.4439838
249,414256,TOP SHELF CANNABIS                           ,3863 HANNEGAN RD              ,BELLINGHAM              ,WA,WHATCOM,982269103,48.7838311,-122.443429
250,413369,TREEHOUSE CLUB                               ,14421 E TRENT AVE             ,SPOKANE VALLEY          ,WA,SPOKANE,992161392,47.6951056,-117.2106138
251,414871,TROVE MEDICAL AND RECREATIONAL               ,218 N SAMISH WAY STE 103      ,BELLINGHAM              ,WA,WHATCOM,982250000,48.7369656,-122.469642
252,415010,URBAN BUD                                    ,112 S 24TH ST                 ,TACOMA                  ,WA,PIERCE,984022904,47.2398658,-122.4351338
253,415641,WALLA WALLA CANNABIS COMPANY                 ,927 W MAIN ST                 ,WALLA WALLA             ,WA,WALLA WALLA,993622746,46.06144010000001,-118.3520478
254,425273,WALLA WALLA WEEDERY                          ,728 IRENE ST                  ,WALLA WALLA             ,WA,WALLA WALLA,993621604,46.0683353,-118.3615458
255,414959,WESTERN BUD                                  ,11401 RAINIER AVE S           ,SEATTLE                 ,WA,KING,981783947,47.5009198,-122.222119
256,412466,WESTSIDE420 RECREATIONAL                     ,4503 OCEAN BEACH HWY STE 103  ,LONGVIEW                ,WA,COWLITZ,986325055,46.1625103,-122.9986781
257,414398,WHITE RABBIT RETAIL                          ,15928 HWY 99                  ,LYNNWOOD                ,WA,SNOHOMISH,980870000,47.8543599,-122.2916248
258,414449,WORLD OF WEED                                ,3202 E PORTLAND AVE           ,TACOMA                  ,WA,PIERCE,984044929,47.2345257,-122.4097823
259,414884,#HASHTAG                                     ,3540 STONE WAY N              ,SEATTLE                 ,WA,KING,981038924,47.6504132,-122.3423435
260,423413,112TH STREET CANNABIS                        ,5809 112TH ST E BLDG B        ,PUYALLUP                ,WA,PIERCE,983734323,47.15492159999999,-122.3516004
261,420908,2020 SOLUTIONS                               ,4770 PACIFIC HWY STE A        ,BELLINGHAM              ,WA,WHATCOM,982260000,48.814761,-122.543357
262,422239,2020 SOLUTIONS EPHRATA                       ,1615 BASIN ST SW              ,EPHRATA                 ,WA,GRANT,988232134,47.3047832,-119.5634493
263,422701,2020 SOLUTIONS SPRAGUE                       ,209 E 4TH ST SUITE B          ,SPRAGUE                 ,WA,LINCOLN,990320000,47.2978044,-117.9770225
264,425128,20AFTER4                                     ,302 HAZEL ST                  ,KELSO                   ,WA,COWLITZ,986261410,46.1255463,-122.9089062
265,414550,420 SPOT SHOP                                ,1374 SE LUND AVE              ,PORT ORCHARD            ,WA,KITSAP,983665628,47.5192838,-122.6337534
266,410332,AMERICAN MARY                                ,321 NE 45TH ST                ,SEATTLE                 ,WA,KING,981056133,47.66117759999999,-122.3242521
267,425767,APEX CANNABIS                                ,1325 N DIVISION ST STE 104    ,SPOKANE                 ,WA,SPOKANE,992021808,47.6703166,-117.4115687
268,422420,ARISTOCRAT CANNABIS LLC                      ,285 CANAL RD                  ,TOUTLE                  ,WA,COWLITZ,986499703,46.298603,-122.731428
269,415127,BAYSHORE CANNABIS CO                         ,3831 HIGHWAY 3                ,SHELTON                 ,WA,MASON,985840000,47.2486126,-123.0450975
270,422612,BELLINGHAM MARIJUANA                         ,5463 GUIDE MERIDIAN RD        ,BELLINGHAM              ,WA,WHATCOM,982269771,48.8391023,-122.4867698
271,414103,BLOOM                                        ,10707 PACIFIC AVE S SUITE D   ,TACOMA                  ,WA,PIERCE,984446098,47.1597391,-122.4334539
272,350766,BLOOM CANNABIS                               ,11311 HWY 99                  ,EVERETT                 ,WA,SNOHOMISH,982044816,47.8952313,-122.2525412
273,422930,BONANZA BUDS                                 ,1215 N LAKE SAMISH DR UNIT 1  ,BELLINGHAM              ,WA,WHATCOM,982299310,48.6690411,-122.4117187
274,410831,BUD HUT                                      ,26207 MAPLE VALLEY BLACK      ,MAPLE VALLEY            ,WA,KING,980388378,47.3668449,-122.0229247
275,413901,BUD HUT                                      ,1131 E STATE ROUTE 532        ,CAMANO ISLAND           ,WA,ISLAND,982828833,48.240424,-122.4209725
276,415361,BUD HUT                                      ,8142 HIGHWAY 14               ,LYLE                    ,WA,KLICKITAT,986350000,45.6579437,-121.1935813
277,415504,BUD HUT                                      ,11603 HWY 99                  ,EVERETT                 ,WA,SNOHOMISH,982044811,47.8928693,-122.2546519
278,421568,BUD HUT                                      ,1717 NE ANDRESEN RD           ,VANCOUVER               ,WA,CLARK,986616890,45.6363426,-122.5995156
279,422332,BUD HUT                                      ,70 SALTSPRING DR  UNIT 2A     ,FRIDAY HARBOR           ,WA,SAN JUAN,982509062,48.5379858,-123.0468341
280,422781,BUD HUT                                      ,200 SUZANNE LANE STE D        ,MOUNT VERNON            ,WA,SKAGIT,982739514,48.39293170000001,-122.3347939
281,422792,BUD HUT                                      ,2200 TALLEY WAY  STE A        ,KELSO                   ,WA,COWLITZ,986265511,46.1230143,-122.8959034
282,421642,BUDHUT                                       ,8529 52ND ST SE               ,SNOHOMISH               ,WA,SNOHOMISH,982909282,47.9495039,-122.116988
283,414573,CANNA REPUBLIC                               ,11463 RAINIER AVE S STE A     ,SEATTLE                 ,WA,KING,981783963,47.4994072,-122.2210905
284,414211,CANNA4LIFE                                   ,721 6TH ST                    ,CLARKSTON               ,WA,ASOTIN,994032001,46.415522,-117.0452084
285,420123,CANNABIS COAST                               ,193161 HWY 101  STE 201       ,FORKS                   ,WA,CLALLAM,983319206,47.9683842,-124.404117
286,422362,CANNABIS FACTORY 21                          ,9409 NE HWY 99 SUITE B        ,VANCOUVER               ,WA,CLARK,986658928,45.6906934,-122.6573115
287,425585,CANNABIS PROVISIONS INC.                     ,938 N 200TH ST STE C          ,SHORELINE               ,WA,KING,981333149,47.7743893,-122.3468393
288,422745,CANNABIS SUPER STORE LLC                     ,4710 EAGLE HARBOR DR. UNIT A  ,BAINBRIDGE ISLAND       ,WA,KITSAP,981102188,47.6142343,-122.5163296
289,87932,CANNABIZ                                     ,1109 RIVER RD STE A           ,PUYALLUP                ,WA,PIERCE,983713848,47.2029612,-122.3093389
290,413366,CANNARAIL STATION                            ,1448 BASIN ST NW SUITE A      ,EPHRATA                 ,WA,GRANT,988239695,47.3382707,-119.535033
291,425539,CASCADE KROPZ                                ,19127 SMOKEY POINT BLVD BLDG 1,ARLINGTON               ,WA,SNOHOMISH,982234264,48.17044749999999,-122.1878025
292,414767,CENTRALIA CANNABIS CONNECTION                ,1039 S GOLD ST                ,CENTRALIA               ,WA,LEWIS,985313711,46.7048312,-122.9563956
293,423096,CINDER                                       ,927 W 2ND AVE STE 1           ,SPOKANE                 ,WA,SPOKANE,992014501,47.6543186,-117.4262016
294,413803,CLUTCH CANNABIS                              ,11537 RAINIER AVE S           ,SEATTLE                 ,WA,KING,981783984,47.499299,-122.2210275
295,422234,CUTIE JUDY'S CANNABIS COMPANY                ,10 VALUE PARKWAY STE A        ,ELMA                    ,WA,GRAYS HARBOR,984455527,47.025476,-123.3427283
296,412485,DANK'S WONDER EMPORIUM                       ,1402 WEST REYNOLDS AVE        ,CENTRALIA               ,WA,LEWIS,985313338,46.7351398,-122.9697794
297,415202,DAVE'S PLACE                                 ,10 MAPLE GROVE RD             ,SUNNYSIDE               ,WA,YAKIMA,989440000,46.32838839999999,-120.0419347
298,423754,DIEGO PELLICER                               ,2215 4TH AVE S                ,SEATTLE                 ,WA,KING,981341516,47.583461,-122.3295301
299,420416,EMERALD COAST                                ,939 N CALLOW AVE # 100-B      ,BREMERTON               ,WA,KITSAP,983123806,47.5707356,-122.6534828
300,414841,EMERALD HAZE CANNABIS EMPORIUM               ,4033 NE SUNSET BLVD UNIT 5    ,RENTON                  ,WA,KING,980564003,47.5036445,-122.1650489
301,427158,ESHO FUNI                                    ,8401 AURORA AVE N STE E       ,SEATTLE                 ,WA,KING,981034332,47.6902379,-122.3449835
302,420895,EUPHORIUM 420                                ,17917 VASHON HWY SW           ,VASHON                  ,WA,KING,980705204,47.44442369999999,-122.4607979
303,414714,EVERGREEN MARKET - AUBURN                    ,402 16TH ST NE STE A-100      ,AUBURN                  ,WA,KING,980021600,47.32173950000001,-122.2242459
304,424747,EVERGREEN MARKET - IKEA DISTRICT             ,4242 E VALLEY RD              ,RENTON                  ,WA,KING,980574903,47.44143589999999,-122.2188245
305,414475,EVERGREEN MARKET - KIRKLAND                  ,8734 120TH AVE NE             ,KIRKLAND                ,WA,KING,980335861,47.6819129,-122.1800832
306,413791,EVERGREEN MARKET-NORTH RENTON                ,409 RAINIER AVE N             ,RENTON                  ,WA,KING,980575319,47.48900219999999,-122.2186285
307,427156,EVERGREEN STATE ENTERPRISES                  ,3772 SR 4                     ,GRAYS RIVER             ,WA,WAHKIAKUM,986210000,46.3562603,-123.6094676
308,421738,FIRE CANNABIS CO                             ,903 ENGH RD SUITE D           ,OMAK                    ,WA,OKANOGAN,988419627,48.4172309,-119.5065717
309,422055,FLOYD'S CANNABIS COMPANY                     ,5952 AIRPORT RD               ,PULLMAN                 ,WA,WHITMAN,991638958,46.7385797,-117.0527359
310,422785,FORBIDDEN CANNABIS CLUB                      ,1171 WIND RIVER HIGHWAY       ,CARSON                  ,WA,SKAMANIA,986100000,45.7285818,-121.8209701
311,414803,FORBIDDEN CANNABIS LLC                       ,2358 ELMWAY                   ,OKANOGAN                ,WA,OKANOGAN,988400000,48.38189999999999,-119.56
312,422303,FORBIDDEN FLOWER                             ,13003 TUKWILA INTERNATIONAL BL,TUKWILA                 ,WA,KING,981680000,47.4867641,-122.2894894
313,421757,FREEDOM MARKET ILWACO                        ,133 HOWERTON AVE SE STE B     ,ILWACO                  ,WA,PACIFIC,986249088,46.3055595,-124.0408684
314,414381,GIVING TREE                                  ,18420 68TH AVE S #102         ,KENT                    ,WA,KING,980320000,47.4372929,-122.245388
315,414292,GOLDEN DISPENSARIES                          ,650 LLAMA LN                  ,GOLDENDALE              ,WA,KLICKITAT,986209140,45.8268274,-120.8046378
316,421953,GOOBIE'S DOOBIES                             ,28680 MAPLE VALLEY BLACK      ,MAPLE VALLEY            ,WA,KING,980388193,47.3733483,-122.0369239
317,414785,GRASS                                        ,14343 15TH AVE NE             ,SEATTLE                 ,WA,KING,981253162,47.7333147,-122.3130877
318,412923,GREEN COLLAR CANNABIS                        ,10422 PACIFIC AVE S STE B     ,TACOMA                  ,WA,PIERCE,984446052,47.1615841,-122.4346665
319,422570,GREEN COLLAR NORTH                           ,21412 HIGHWAY 99  STE A       ,EDMONDS                 ,WA,SNOHOMISH,980267748,47.8048189,-122.3286158
320,413789,GREEN GROTTO                                 ,31140 PACIFIC HWY S STE A     ,FEDERAL WAY             ,WA,KING,980034994,47.3231479,-122.3127993
321,423145,GREEN LADY MARIJUANA                         ,7359 OLD PACIFIC HWY S        ,KALAMA                  ,WA,COWLITZ,986250000,45.9837447,-122.8269409
322,414755,GREEN LIFE CANNABIS                          ,3012 GS CENTER RD STE A       ,WENATCHEE               ,WA,CHELAN,988019116,47.4717984,-120.3322694
323,416248,GREEN PLACE                                  ,202 AVENUE D STE B            ,SNOHOMISH               ,WA,SNOHOMISH,982902745,47.9131662,-122.0988984
324,422504,GREEN SOLUTION PLACE                         ,1845 1ST ST                   ,CHENEY                  ,WA,SPOKANE,990041966,47.497953,-117.5637117
325,420898,GREENHAND                                    ,2424 N MONROE STREET          ,SPOKANE                 ,WA,SPOKANE,992053349,47.6801791,-117.426349
326,424257,GREENHAND                                    ,10611 CANYON RD E             ,PUYALLUP                ,WA,PIERCE,983734256,47.15951080000001,-122.3565683
327,414295,GREENSIDE                                    ,23407 PACIFIC HWY S           ,DES MOINES              ,WA,KING,981988738,47.3917016,-122.2957129
328,414298,GREENSIDE RECREATIONAL                       ,9804 LAKE CITY WAY NE STE A   ,SEATTLE                 ,WA,KING,981250000,47.7004221,-122.302917
329,413541,GREENWAY MARIJUANA                           ,4851 GEIGER RD SE             ,PORT ORCHARD            ,WA,KITSAP,983669350,47.504437,-122.6378969
330,421900,GYPSY GREEN                                  ,1570 N NATIONAL AVE SUITE 105 ,CHEHALIS                ,WA,LEWIS,985322215,46.6747233,-122.9697842
331,424273,HAPPY TREES                                  ,407 E 1ST ST                  ,CLE ELUM                ,WA,KITTITAS,989221255,47.1944118,-120.9327021
332,422057,HASH WAY RECREATIONAL                        ,17410 ASH WAY SUITE 4         ,LYNNWOOD                ,WA,SNOHOMISH,980377907,47.8412734,-122.2699612
333,421409,HAVE A HEART CC                              ,300 NW 85TH ST STE A          ,SEATTLE                 ,WA,KING,981170000,47.6908281,-122.3608591
334,420477,HERBAL LEGENDS CANNABIS                      ,7217 212TH ST SW              ,EDMONDS                 ,WA,SNOHOMISH,980267735,47.8071874,-122.33095
335,422978,HERBAL LEGENDS CANNABIS                      ,2714 HENSON RD STE B          ,MOUNT VERNON            ,WA,SKAGIT,982730000,48.3999375,-122.3323474
336,420291,HERBAN LEGENDS                               ,55 BELL ST STE 100            ,SEATTLE                 ,WA,KING,981211762,47.6121714,-122.3476862
337,421726,HIGH 502                                     ,429 STATE HIGHWAY 506         ,TOLEDO                  ,WA,LEWIS,985910000,46.4170159,-122.8917798
338,413805,HIGH LIFE CANNABIS                           ,3948 3RD AVE UNIT 1           ,LOON LAKE               ,WA,STEVENS,981489683,48.0614266,-117.6221036
339,414430,HIGH SOCIETY                                 ,1824 BROADWAY                 ,EVERETT                 ,WA,SNOHOMISH,982012349,47.9928563,-122.2015442
340,414539,HIGH SOCIETY                                 ,5309 GUIDE MERIDIAN RD SUITE A,BELLINGHAM              ,WA,WHATCOM,982260000,48.8337633,-122.4867934
341,413533,HIGH SOCIETY BURLINGTON                      ,735 S. BURLINGTON BLVD        ,BURLINGTON              ,WA,SKAGIT,982332219,48.4705039,-122.3360971
342,423977,HIGH SOCIETY TACOMA                          ,3906 S 12TH ST                ,TACOMA                  ,WA,PIERCE,984051507,47.2498681,-122.4894781
343,414889,HIGHWAY 7                                    ,7046 PACIFIC AVE              ,TACOMA                  ,WA,PIERCE,984087219,47.1925507,-122.4349951
344,421350,HOMEGROWN NORTHWEST                          ,2724 3RD AVE S                ,SEATTLE                 ,WA,KING,981341909,47.57893420000001,-122.3295474
345,414750,III KING COMPANY                             ,12925 MARTIN LUTHER KINGJR WAY,SEATTLE                 ,WA,KING,981780000,47.4866496,-122.2578121
346,414867,ISSAQUAH CANNABIS COMPANY                    ,230 NE JUNIPER ST STE#201     ,ISSAQUAH                ,WA,KING,980272519,47.5394424,-122.0318926
347,423203,IT IS LIT                                    ,1611 S SMITTYS BLVD  STE B    ,RITZVILLE               ,WA,ADAMS,991692264,47.1195418,-118.363074
348,355804,J & K CANNABIS                               ,RETAIL TITLE CERTIFICATE      ,LAKEWOOD                ,WA,PIERCE,984991030,47.1717649,-122.518458
349,414886,JDT VENTURES                                 ,RETAIL TITLE CERTIFICATE      ,RIDGEFIELD              ,WA,CLARK,986423354,45.8120916,-122.6710828
350,421826,KAHD HOLDING                                 ,18850 103RD AVE SW UNIT 105   ,VASHON                  ,WA,KING,980705250,47.4349387,-122.4647859
351,425925,KING CRONIC                                  ,1110 E YELM AVE STE C         ,YELM                    ,WA,THURSTON,985977690,46.93574160000001,-122.5932628
352,424117,KITSAP CANNABIS                              ,2600 NW RANDALL WAY           ,SILVERDALE              ,WA,KITSAP,983839427,47.6616001,-122.6857277
353,422827,KITSAP CANNABIS 3                            ,2300 TALLEY WAY UNIT C        ,KELSO                   ,WA,COWLITZ,986265513,46.1182679,-122.8914938
354,421630,KUSH POINTE                                  ,11811 MUKILTEO SPEEDWAY       ,MUKILTEO                ,WA,SNOHOMISH,982755442,47.89160220000001,-122.2852599
355,426731,KUSHMAN                                      ,8911 EVERGREEN WAY            ,EVERETT                 ,WA,SNOHOMISH,982082626,47.9172529,-122.2320009
356,415509,LAST STOP POT SHOP                           ,"41711 STATE ROUTE 2, #1       ",GOLD BAR                ,WA,SNOHOMISH,982510000,47.844139,-121.673519
357,414454,LIVING WELL ENTERPRISES                      ,19001 VASHON HIGHWAY SOUTHWEST,VASHON ISLAND           ,WA,KING,980700000,47.4345319,-122.461084
358,420741,LIVING WELL ENTERPRISES                      ,17730 AMBAUM BLVD S UNIT E    ,BURIEN                  ,WA,KING,981481785,47.4449741,-122.3291148
359,415406,LOCAL ROOTS                                  ,13224 HWY 99 STE A            ,EVERETT                 ,WA,SNOHOMISH,982045424,47.8779188,-122.2698626
360,415216,LOCAL ROOTS MARIJUANA                        ,8411 SR 92 STE 5              ,GRANITE FALLS           ,WA,SNOHOMISH,982520000,48.0722785,-122.0087773
361,415222,LOCAL ROOTS MARIJUANA                        ,"212 W WINESAP RD STE 101, 102 ",BOTHELL                 ,WA,SNOHOMISH,980129210,47.8234737,-122.2357744
362,414243,LOCALAMSTER                                  ,1006 CALIFORNIA WAY           ,LONGVIEW                ,WA,COWLITZ,986321615,46.1223126,-122.9365017
363,414823,LOCALS CANNA HOUSE                           ,9616 E SPRAGUE AVE            ,SPOKANE VALLEY          ,WA,SPOKANE,992060000,47.6564401,-117.2751397
364,413544,LONGVIEW FREEDOM MARKET                      ,971 14TH AVE STE 110          ,LONGVIEW                ,WA,COWLITZ,986324049,46.1320419,-122.9380843
365,422350,LOVELY BUDS NORTH                            ,827 E FRANCIS AVE             ,SPOKANE                 ,WA,SPOKANE,992083638,47.7153263,-117.3971884
366,412370,LOVING FARMS                                 ,2615 OLD HIGHWAY 99 S         ,MOUNT VERNON            ,WA,SKAGIT,982730000,48.4007034,-122.3358322
367,422194,"LUCID AUBURN, 21+ CANNABIS, 21+ MARIJUANA    ",3310 AUBURN WAY N STE C/D     ,AUBURN                  ,WA,KING,980021800,47.336521,-122.2213377
368,352673,LUCID PUYALLUP                               ,7924 RIVER ROAD               ,PUYALLUP                ,WA,PIERCE,983713839,47.2067532,-122.3233523
369,414160,LUX POT SHOP                                 ,10333 LAKE CITY WAY NE #101   ,SEATTLE                 ,WA,KING,981257737,47.7040397,-122.3022197
370,414532,LUX POT SHOP                                 ,4912 17TH AVE NW STE A        ,SEATTLE                 ,WA,KING,981074726,47.6647601,-122.3786524
371,421151,MAGIC TREE COLLECTIVE 206                    ,350 NE STADIUM WAY  UNIT B    ,PULLMAN                 ,WA,WHITMAN,991630000,46.7397295,-117.1713763
372,414876,MAIN STREET MARIJUANA                        ,2314 MAIN ST                  ,VANCOUVER               ,WA,CLARK,986602642,45.6386444,-122.6717306
373,421805,MAIN STREET MARIJUANA EAST                   ,16219 SE 12TH ST STE 104      ,VANCOUVER               ,WA,CLARK,986838905,45.6115608,-122.5055378
374,421789,MAIN STREET MARIJUANA LONGVIEW               ,945 WASHINGTON WAY STE 121    ,LONGVIEW                ,WA,COWLITZ,986324059,46.1435758,-122.9280368
375,414893,MARI J'S HIGHWAY POT SHOP                    ,9506 19TH AVE SE              ,EVERETT                 ,WA,SNOHOMISH,982083801,47.9118445,-122.2075935
376,422298,MARI MART                                    ,24090 NE STATE ROUTE 3 STE I  ,BELFAIR                 ,WA,MASON,985289665,47.4534533,-122.8207326
377,420400,MARIJUANA MART                               ,530 7TH AVE STE D             ,LONGVIEW                ,WA,COWLITZ,986320000,46.1207105,-122.9326883
378,422450,MARIJUANA MART                               ,405 E UNION ST                ,CENTRALIA               ,WA,LEWIS,985313759,46.7022093,-122.9549717
379,415652,MARY JANE                                    ,13513 NE 126TH PL SUITE C     ,KIRKLAND                ,WA,KING,980340000,47.7135386,-122.1598594
380,417646,MARY JANE'S                                  ,2829 N MARKET ST              ,SPOKANE                 ,WA,SPOKANE,992075553,47.6839484,-117.3655557
381,415325,MARY'S FINEST MARIJUANA                      ,12230 AURORA AVE N STE B      ,SEATTLE                 ,WA,KING,981338033,47.7187776,-122.3444577
382,415001,MILLER'S MARIJUANA                           ,5675 STATE ROUTE 12 STE 1     ,ELMA                    ,WA,GRAYS HARBOR,985410000,46.9381492,-123.3107423
383,424430,MODERN CREATIONS                             ,3014 S 320TH ST               ,FEDERAL WAY             ,WA,KING,980035421,47.31564299999999,-122.294163
384,422361,"MOUNT BAKER RETAIL PARTNERS, LLC             ",1209 HWY 281 SPUR SUITE K     ,QUINCY                  ,WA,GRANT,988489510,47.105433,-119.83414
385,422981,"MOUNT BAKER RETAIL PARTNERSHIP,LLC           ",12539 E MARGINAL WAY S STE C  ,TUKWILA                 ,WA,KING,981682560,47.4902791,-122.2849005
386,422796,MOUNT VERNON CANNABIS                        ,17929 STATE ROUTE 536         ,MOUNT VERNON            ,WA,SKAGIT,982733216,48.4265245,-122.3586968
387,421687,NATURAL GREEN                                ,51 MORGAN ST UNIT B           ,DAVENPORT               ,WA,LINCOLN,991220000,47.6537506,-118.1417273
388,413732,NEW VANSTERDAM                               ,6515 E MILL PLAIN BLVD        ,VANCOUVER               ,WA,CLARK,986617455,45.6270247,-122.6042715
389,425584,NSK CANNABIS                                 ,1212 N GRAND AVE              ,PULLMAN                 ,WA,WHITMAN,991633427,46.7393457,-117.1726023
390,415634,NW CHRONICLES                                ,12402 134TH AVE KPN           ,GIG HARBOR              ,WA,PIERCE,983295544,47.370859,-122.716475
391,413551,OLD TOBY                                     ,391 NW STATE AVE STE 1        ,CHEHALIS                ,WA,LEWIS,985321637,46.664355,-122.973314
392,422107,ONE LOVE COLLECTIVE                          ,21236 84TH AVE S              ,KENT                    ,WA,KING,980320000,47.4106369,-122.2273977
393,425507,ORIGINS                                      ,16390 CLEVELAND ST            ,REDMOND                 ,WA,KING,980524314,47.67325080000001,-122.1217053
394,423402,ORIGINS CANNABIS                             ,4800 40TH AVE SW STE B        ,SEATTLE                 ,WA,KING,981164506,47.5589302,-122.3823985
395,415348,OZ.                                          ,3831 STONE WAY N              ,SEATTLE                 ,WA,KING,981038005,47.6536313,-122.3428731
396,422138,"PABLO & CO., LLC                             ",5602 STATE ROUTE 270 STE B    ,PULLMAN                 ,WA,WHITMAN,991638708,46.72671099999999,-117.1227652
397,76189,PEND OREILLE CANNABIS CO                     ,124 RIVERSIDE AVE             ,IONE                    ,WA,PEND OREILLE,991390000,48.7362225,-117.4118353
398,421577,PLAUSIBLE PRODUCTS                           ,8296 AVONDALE WAY NE STE B    ,REDMOND                 ,WA,KING,980523302,47.67663049999999,-122.1063685
399,79013,POT SHOP                                     ,1628 DEXTER AVE N             ,SEATTLE                 ,WA,KING,981093019,47.6338447,-122.3420714
400,415229,POT ZONE                                     ,1703 SE SEDGWICK RD           ,PORT ORCHARD            ,WA,KITSAP,983669599,47.5057116,-122.6305061
401,425686,POT ZONE                                     ,816 72ND ST E                 ,TACOMA                  ,WA,PIERCE,983660926,47.1913256,-122.4200161
402,421084,PRC                                          ,5200 172ND ST NE F-101        ,ARLINGTON               ,WA,SNOHOMISH,982234703,48.1513618,-122.1608651
403,423885,PRIMO CANNABIS                               ,21630 E GILBERT RD            ,OTIS ORCHARDS           ,WA,SPOKANE,992079241,47.7077922,-117.1133614
404,422526,PUGET SOUND CANNABIS COMPANY                 ,"18601 HIGHWAY 99, SUITE 200   ",LYNNWOOD                ,WA,SNOHOMISH,980374576,47.8303009,-122.3065705
405,414680,PURPLE HAZE                                  ,4218 RUCKER AVE               ,EVERETT                 ,WA,SNOHOMISH,982032214,47.9612461,-122.2111422
406,404933,REEFER DEN                                   ,2123 W SIMS WAY APT 1         ,PORT TOWNSEND           ,WA,JEFFERSON,983680000,48.1028442,-122.8008105
407,414460,ROSLYN HERBS                                 ,600 S FIRST STREET            ,ROSLYN                  ,WA,KITTITAS,989410000,47.2170161,-120.9882396
408,417114,SATORI                                       ,1330 SE BISHOP BLVD           ,PULLMAN                 ,WA,WHITMAN,991630000,46.71950589999999,-117.1639726
409,422659,SATORI                                       ,1011 QUEENSGATE DR            ,RICHLAND                ,WA,BENTON,993520000,46.249128,-119.303081
410,422703,SATORI                                       ,5623 W CLEARWATER AVE STE B   ,KENNEWICK               ,WA,BENTON,993361966,46.2117854,-119.1967625
411,426199,SEATTLE CANNABIS CO.                         ,7262 RAINIER AVE S STE B      ,SEATTLE                 ,WA,KING,981183864,47.5371707,-122.2700446
412,414749,SKY HIGH POT SHOP                            ,6167 PORTAL WAY               ,FERNDALE                ,WA,WHATCOM,982489363,48.8653645,-122.5850712
413,422710,SKY HIGH POT SHOP                            ,1438 W HWY 101                ,PORT ANGELES            ,WA,CLALLAM,983639455,48.1050247,-123.4784921
414,414508,SLOW BURN                                    ,1300 N 40TH ST STE 111        ,YAKIMA                  ,WA,YAKIMA,989080000,46.6212388,-120.5628394
415,425362,SMOKANE                                      ,3801 E SPRAGUE AVE            ,SPOKANE                 ,WA,SPOKANE,992020000,47.6575775,-117.3542748
416,413762,SMUGGLER BROTHERS                            ,1912 STATE ROUTE 20           ,SEDRO WOOLLEY           ,WA,SKAGIT,982840000,48.495768,-122.2731343
417,421695,STAR 21                                      ,11042 1ST AVENUE S            ,SEATTLE                 ,WA,KING,981681402,47.5040147,-122.3330846
418,422010,STAR OUTLET                                  ,7157 GUIDE MERIDIAN RD #3     ,LYNDEN                  ,WA,WHATCOM,982649213,48.9012663,-122.486909
419,421326,STICKY'S                                     ,9411 NE HIGHWAY 99 STE 4      ,VANCOUVER               ,WA,CLARK,986658969,45.69084230000001,-122.6570396
420,415198,T.H.C.SUPERMARKET                            ,23221 EDMONDS WAY STE A       ,EDMONDS                 ,WA,SNOHOMISH,980260000,47.7881207,-122.3539182
421,415645,THE BACK PORCH                               ,907 N WENATCHEE AVENUE STE B  ,WENATCHEE               ,WA,CHELAN,985011572,47.4359244,-120.3190366
422,413426,THE BAKE SHOP                                ,19705 N GRIFFIN RD            ,PROSSER                 ,WA,BENTON,993500000,46.24771699999999,-119.8512904
423,421261,THE BAKEREE                                  ,74 S LUCILE ST STE 102        ,SEATTLE                 ,WA,KING,981342444,47.5535932,-122.3356019
424,422663,THE EVERGREEN MARKET - REDMOND               ,RETAIL TITLE CERTIFICATE      ,BELLEVUE                ,WA,KING,980050000,47.6101497,-122.2015159
425,422658,THE GRASS STATION                            ,103B GALBREATH WAY            ,RITZVILLE               ,WA,ADAMS,991690000,47.11744580000001,-118.3674662
426,424877,THE GRASS STATION                            ,216 ROYAL ANNE DR SW          ,GEORGE                  ,WA,GRANT,988480000,47.0828861,-119.8588501
427,415410,THE GREEN DOOR                               ,28120 HWY 410 E UNIT A8       ,BUCKLEY                 ,WA,PIERCE,983218482,47.15875550000001,-122.0532732
428,414425,THE GREEN DOOR SEATTLE                       ,828 RAINIER AVE S             ,SEATTLE                 ,WA,KING,981442838,47.5949903,-122.3103187
429,427121,THE GREEN NUGGET                             ,322 E FRANCIS AVE             ,SPOKANE                 ,WA,SPOKANE,992081086,47.714661,-117.4049994
430,414958,THE GREEN SHELF                              ,400 S. MAIN STREET            ,ELLENSBURG              ,WA,KITTITAS,989263689,46.9890702,-120.5479089
431,420633,THE GREENHOUSE GROUP LLC                     ,355 RAINIER AVE NORTH  STE B  ,RENTON                  ,WA,KING,980575321,47.4873977,-122.21829
432,71368,THE HERBERY                                  ,330 NE CHKALOV DR STE C & D   ,VANCOUVER               ,WA,CLARK,986845032,45.6220541,-122.556821
433,420389,THE JOINT                                    ,14325 1ST AVE S STE B         ,BURIEN                  ,WA,KING,981683418,47.47428350000001,-122.3342111
434,421804,THE JOINT                                    ,4336 ROOSEVELT WAY NE STE C   ,SEATTLE                 ,WA,KING,981054764,47.66101150000001,-122.3174788
435,426606,THE JOINT                                    ,3502 S 74TH ST                ,TACOMA                  ,WA,PIERCE,984093912,47.1900471,-122.4828926
436,415507,THE KUSHERY                                  ,5626 134TH PL SE STE B        ,EVERETT                 ,WA,SNOHOMISH,982080000,47.87643980000001,-122.1564022
437,415513,THE KUSHERY                                  ,19258 15TH AVE NE STE B       ,LAKE FOREST PARK        ,WA,KING,981552315,47.7698779,-122.3132021
438,415517,THE KUSHERY                                  ,18026 STATE ROUTE 9 SE STE 2  ,SNOHOMISH               ,WA,SNOHOMISH,982965330,47.8333508,-122.1269196
439,413295,THE LUCKY LEAF                               ,3411 N CAPITOL AVE STE A      ,PASCO                   ,WA,FRANKLIN,993010000,46.2613273,-119.0795878
440,415303,THE M STORE                                  ,1503 A E NOB HILL BLVD        ,YAKIMA                  ,WA,YAKIMA,989010000,46.5854503,-120.4811684
441,424647,THE OL' POT SHOPPE                           ,RETIAL TITLE CERTIFICATE      ,YAKIMA                  ,WA,YAKIMA,989088929,46.605614,-120.502182
442,413870,THE REEF                                     ,1107 N CALLOW AVE STE C       ,BREMERTON               ,WA,KITSAP,983123007,47.5714148,-122.653629
443,413773,THE SLOW BURN                                ,4101 MAIN STREET              ,UNION GAP               ,WA,YAKIMA,989032042,46.5463813,-120.4751818
444,414470,THE SLOW BURN                                ,1151 MARKET ST                ,UNION GAP               ,WA,YAKIMA,989030000,46.5626727,-120.4928368
445,414996,THE SLOW BURN                                ,4278C W VAN GIESEN ST         ,WEST RICHLAND           ,WA,BENTON,993535066,46.2989302,-119.3428543
446,420292,THE SOURCE                                   ,5300 17TH AVE NW              ,SEATTLE                 ,WA,KING,981073815,47.6673783,-122.378643
447,426050,THE VAULT                                    ,2720 E 29TH AVE               ,SPOKANE                 ,WA,SPOKANE,992234808,47.6279212,-117.3704554
448,88920,THE VAULT CANNABIS                           ,1323 E PIONEER HWY            ,STANWOOD                ,WA,SNOHOMISH,982920000,48.199808,-122.250207
449,414829,THE VAULT CANNABIS                           ,9626 32ND ST SE               ,LAKE STEVENS            ,WA,SNOHOMISH,982050000,47.9670323,-122.1014407
450,422457,THE WEED SHOP                                ,25171 SR 525                  ,GREENBANK               ,WA,ISLAND,982530000,48.0988414,-122.5737341
451,414868,THE WEST SEATTLE MARIJUANA COMPANY           ,10825 MYERS WAY S             ,SEATTLE                 ,WA,KING,981681367,47.5063332,-122.332777
452,400209,TOKEN HERB                                   ,837 A CRESCENT BEACH RD       ,EASTSOUND               ,WA,SAN JUAN,982451695,48.6962827,-122.8854046
453,414513,TOP CAT ENTERPRISES                          ,13217 41ST AVE NE BLDG B      ,MARYSVILLE              ,WA,SNOHOMISH,982717808,48.1152299,-122.175254
454,417469,TOP SHELF CANNABIS                           ,4712 PACIFIC HWY              ,BELLINGHAM              ,WA,WHATCOM,982269049,48.8121665,-122.5419223
455,421514,UNCLE IKES                                   ,9822 15TH AVE SW STE B        ,SEATTLE                 ,WA,KING,981062850,47.5149111,-122.3533367
456,422752,WAYNE SEMINOFF COMPANY                       ,2600 W BRUNEAU PL             ,KENNEWICK               ,WA,BENTON,983360000,46.21192079999999,-119.1555983
457,414995,WE'RE JUST BUDS                              ,1340 SE BISHOP BLVD STE A     ,PULLMAN                 ,WA,WHITMAN,991636409,46.7217181,-117.1640019
458,421707,WESTERN BUD                                  ,1401 IOWA ST                  ,BELLINGHAM              ,WA,WHATCOM,982294763,48.756652,-122.455929
459,422037,WESTERN BUD                                  ,20291 SR 20 UNIT 2            ,BURLINGTON              ,WA,SKAGIT,941409316,48.4830193,-122.3073362
460,426849,WESTERN BUD                                  ,6186 STATE ROUTE 20 STE B     ,ANACORTES               ,WA,SKAGIT,982218496,48.4298374,-122.6068487
461,423993,WHIDBEY ISLAND CANNABIS CO.                  ,1860 SCOTT RD                 ,FREELAND                ,WA,ISLAND,982499430,48.0093694,-122.5146291
462,353928,YAKIMA WEED CO                               ,1606 FRUITVALE BLVD           ,YAKIMA                  ,WA,YAKIMA,989021237,46.6122573,-120.5310693
463,422443,YOGAS GREEN TIKI OF BELLINGHAM               ,20917 NE 72ND AVE STE 102     ,BATTLE GROUND           ,WA,CLARK,986045227,45.7737711,-122.5985768
464,415488,ZIA RECREATIONAL                             ,905 SIMPSON AVENUE            ,HOQUIAM                 ,WA,GRAYS HARBOR,985503020,46.9763953,-123.881908
